<?xml version="1.0" encoding="UTF-8" ?>
<!-- This is a WordPress eXtended RSS file generated by WordPress as an export of your site. -->
<!-- It contains information about your site's posts, pages, comments, categories, and other content. -->
<!-- You may use this file to transfer that content from one site to another. -->
<!-- This file is not intended to serve as a complete backup of your site. -->

<!-- To import this information into a WordPress site follow these steps: -->
<!-- 1. Log in to that site as an administrator. -->
<!-- 2. Go to Tools: Import in the WordPress admin panel. -->
<!-- 3. Install the "WordPress" importer from the list. -->
<!-- 4. Activate & Run Importer. -->
<!-- 5. Upload this file using the form provided on that page. -->
<!-- 6. You will first be asked to map the authors in this export file to users -->
<!--    on the site. For each author, you may choose to map to an -->
<!--    existing user on the site or to create a new user. -->
<!-- 7. WordPress will then import each of the posts, pages, comments, categories, etc. -->
<!--    contained in this file into your site. -->

<!-- generator="WordPress/4.6" created="2024-11-07 22:19" -->
<rss version="2.0"
	xmlns:excerpt="http://wordpress.org/export/1.2/excerpt/"
	xmlns:content="http://purl.org/rss/1.0/modules/content/"
	xmlns:wfw="http://wellformedweb.org/CommentAPI/"
	xmlns:dc="http://purl.org/dc/elements/1.1/"
	xmlns:wp="http://wordpress.org/export/1.2/"
>

<channel>
	<title>PokePal</title>
	<link>http://10.3.10.81:8080</link>
	<description>MAKE CONNECTIONS WITH POKEPALS</description>
	<pubDate>Thu, 07 Nov 2024 22:19:31 +0000</pubDate>
	<language>en-US</language>
	<wp:wxr_version>1.2</wp:wxr_version>
	<wp:base_site_url>http://10.3.10.81:8080</wp:base_site_url>
	<wp:base_blog_url>http://10.3.10.81:8080</wp:base_blog_url>

	<wp:author><wp:author_id>1</wp:author_id><wp:author_login><![CDATA[admin]]></wp:author_login><wp:author_email><![CDATA[admin@gmail.com]]></wp:author_email><wp:author_display_name><![CDATA[admin]]></wp:author_display_name><wp:author_first_name><![CDATA[]]></wp:author_first_name><wp:author_last_name><![CDATA[]]></wp:author_last_name></wp:author>

	<wp:category>
		<wp:term_id>1</wp:term_id>
		<wp:category_nicename><![CDATA[pokepalbasics]]></wp:category_nicename>
		<wp:category_parent><![CDATA[]]></wp:category_parent>
		<wp:cat_name><![CDATA[Poképal Basics]]></wp:cat_name>
	</wp:category>
	<wp:term>
		<wp:term_id><![CDATA[2]]></wp:term_id>
		<wp:term_taxonomy><![CDATA[nav_menu]]></wp:term_taxonomy>
		<wp:term_slug><![CDATA[about]]></wp:term_slug>
		<wp:term_parent><![CDATA[]]></wp:term_parent>
		<wp:term_name><![CDATA[About]]></wp:term_name>
	</wp:term>
	<wp:term>
		<wp:term_id><![CDATA[1]]></wp:term_id>
		<wp:term_taxonomy><![CDATA[category]]></wp:term_taxonomy>
		<wp:term_slug><![CDATA[pokepalbasics]]></wp:term_slug>
		<wp:term_parent><![CDATA[]]></wp:term_parent>
		<wp:term_name><![CDATA[Poképal Basics]]></wp:term_name>
	</wp:term>
	<wp:term><wp:term_id>2</wp:term_id><wp:term_taxonomy>nav_menu</wp:term_taxonomy><wp:term_slug><![CDATA[about]]></wp:term_slug><wp:term_name><![CDATA[About]]></wp:term_name>
</wp:term>

	<generator>https://wordpress.org/?v=4.6</generator>

<image>
	<url>http://10.3.10.81:8080/wp-content/uploads/2024/10/Pokepal-icon-1-150x150.png</url>
	<title>PokePal</title>
	<link>http://10.3.10.81:8080</link>
	<width>32</width>
	<height>32</height>
</image> 

	<item>
		<title>Sample Page</title>
		<link>http://10.3.10.81:8080/index.php/sample-page/</link>
		<pubDate>Mon, 23 Sep 2024 21:22:34 +0000</pubDate>
		<dc:creator><![CDATA[admin]]></dc:creator>
		<guid isPermaLink="false">http://10.3.10.81:8080/?page_id=2</guid>
		<description></description>
		<content:encoded><![CDATA[This is an example page. It's different from a blog post because it will stay in one place and will show up in your site navigation (in most themes). Most people start with an About page that introduces them to potential site visitors. It might say something like this:

<blockquote>Hi there! I'm a bike messenger by day, aspiring actor by night, and this is my website. I live in Los Angeles, have a great dog named Jack, and I like pi&#241;a coladas. (And gettin' caught in the rain.)</blockquote>

...or something like this:

<blockquote>The XYZ Doohickey Company was founded in 1971, and has been providing quality doohickeys to the public ever since. Located in Gotham City, XYZ employs over 2,000 people and does all kinds of awesome things for the Gotham community.</blockquote>

As a new WordPress user, you should go to <a href="http://10.3.10.81:8080/wp-admin/">your dashboard</a> to delete this page and create new pages for your content. Have fun!]]></content:encoded>
		<excerpt:encoded><![CDATA[]]></excerpt:encoded>
		<wp:post_id>2</wp:post_id>
		<wp:post_date><![CDATA[2024-09-23 21:22:34]]></wp:post_date>
		<wp:post_date_gmt><![CDATA[2024-09-23 21:22:34]]></wp:post_date_gmt>
		<wp:comment_status><![CDATA[closed]]></wp:comment_status>
		<wp:ping_status><![CDATA[open]]></wp:ping_status>
		<wp:post_name><![CDATA[sample-page]]></wp:post_name>
		<wp:status><![CDATA[publish]]></wp:status>
		<wp:post_parent>0</wp:post_parent>
		<wp:menu_order>0</wp:menu_order>
		<wp:post_type><![CDATA[page]]></wp:post_type>
		<wp:post_password><![CDATA[]]></wp:post_password>
		<wp:is_sticky>0</wp:is_sticky>
		<wp:postmeta>
			<wp:meta_key><![CDATA[_wp_page_template]]></wp:meta_key>
			<wp:meta_value><![CDATA[default]]></wp:meta_value>
		</wp:postmeta>
	</item>
	<item>
		<title>Test</title>
		<link>http://10.3.10.81:8080/index.php/test/</link>
		<pubDate>Wed, 25 Sep 2024 20:47:45 +0000</pubDate>
		<dc:creator><![CDATA[admin]]></dc:creator>
		<guid isPermaLink="false">http://10.3.10.81:8080/?page_id=4</guid>
		<description></description>
		<content:encoded><![CDATA[<div style="position: relative; width: 100%; height: 0; padding-top: 62.5000%;
 padding-bottom: 0; box-shadow: 0 2px 8px 0 rgba(63,69,81,0.16); margin-top: 1.6em; margin-bottom: 0.9em; overflow: hidden;
 border-radius: 8px; will-change: transform;">
  <iframe loading="lazy" style="position: absolute; width: 100%; height: 100%; top: 0; left: 0; border: none; padding: 0;margin: 0;"
    src="https://www.canva.com/design/DAGQqL7AbhA/Brx0bWIagNRgwpKDeqzKBA/view?embed" allowfullscreen="allowfullscreen" allow="fullscreen">
  </iframe>
</div>
]]></content:encoded>
		<excerpt:encoded><![CDATA[]]></excerpt:encoded>
		<wp:post_id>4</wp:post_id>
		<wp:post_date><![CDATA[2024-09-25 20:47:45]]></wp:post_date>
		<wp:post_date_gmt><![CDATA[2024-09-25 20:47:45]]></wp:post_date_gmt>
		<wp:comment_status><![CDATA[closed]]></wp:comment_status>
		<wp:ping_status><![CDATA[closed]]></wp:ping_status>
		<wp:post_name><![CDATA[test]]></wp:post_name>
		<wp:status><![CDATA[publish]]></wp:status>
		<wp:post_parent>0</wp:post_parent>
		<wp:menu_order>0</wp:menu_order>
		<wp:post_type><![CDATA[page]]></wp:post_type>
		<wp:post_password><![CDATA[]]></wp:post_password>
		<wp:is_sticky>0</wp:is_sticky>
		<wp:postmeta>
			<wp:meta_key><![CDATA[_oembed_eea26ca3daf5e4d77f3f6c14073cbac3]]></wp:meta_key>
			<wp:meta_value><![CDATA[{{unknown}}]]></wp:meta_value>
		</wp:postmeta>
		<wp:postmeta>
			<wp:meta_key><![CDATA[_edit_last]]></wp:meta_key>
			<wp:meta_value><![CDATA[1]]></wp:meta_value>
		</wp:postmeta>
	</item>
	<item>
		<title>Pokepal icon</title>
		<link>http://10.3.10.81:8080/pokepal-icon/</link>
		<pubDate>Fri, 18 Oct 2024 21:31:29 +0000</pubDate>
		<dc:creator><![CDATA[admin]]></dc:creator>
		<guid isPermaLink="false">http://10.3.10.81:8080/wp-content/uploads/2024/10/Pokepal-icon.png</guid>
		<description></description>
		<content:encoded><![CDATA[]]></content:encoded>
		<excerpt:encoded><![CDATA[]]></excerpt:encoded>
		<wp:post_id>8</wp:post_id>
		<wp:post_date><![CDATA[2024-10-18 21:31:29]]></wp:post_date>
		<wp:post_date_gmt><![CDATA[2024-10-18 21:31:29]]></wp:post_date_gmt>
		<wp:comment_status><![CDATA[open]]></wp:comment_status>
		<wp:ping_status><![CDATA[closed]]></wp:ping_status>
		<wp:post_name><![CDATA[pokepal-icon]]></wp:post_name>
		<wp:status><![CDATA[inherit]]></wp:status>
		<wp:post_parent>0</wp:post_parent>
		<wp:menu_order>0</wp:menu_order>
		<wp:post_type><![CDATA[attachment]]></wp:post_type>
		<wp:post_password><![CDATA[]]></wp:post_password>
		<wp:is_sticky>0</wp:is_sticky>
		<wp:attachment_url><![CDATA[http://10.3.10.81:8080/wp-content/uploads/2024/10/Pokepal-icon.png]]></wp:attachment_url>
		<wp:postmeta>
			<wp:meta_key><![CDATA[_wp_attached_file]]></wp:meta_key>
			<wp:meta_value><![CDATA[2024/10/Pokepal-icon.png]]></wp:meta_value>
		</wp:postmeta>
		<wp:postmeta>
			<wp:meta_key><![CDATA[_wp_attachment_metadata]]></wp:meta_key>
			<wp:meta_value><![CDATA[a:5:{s:5:"width";i:308;s:6:"height";i:306;s:4:"file";s:24:"2024/10/Pokepal-icon.png";s:5:"sizes";a:5:{s:9:"thumbnail";a:4:{s:4:"file";s:24:"Pokepal-icon-150x150.png";s:5:"width";i:150;s:6:"height";i:150;s:9:"mime-type";s:9:"image/png";}s:6:"medium";a:4:{s:4:"file";s:24:"Pokepal-icon-300x298.png";s:5:"width";i:300;s:6:"height";i:298;s:9:"mime-type";s:9:"image/png";}s:14:"post-thumbnail";a:4:{s:4:"file";s:24:"Pokepal-icon-308x288.png";s:5:"width";i:308;s:6:"height";i:288;s:9:"mime-type";s:9:"image/png";}s:13:"large-feature";a:4:{s:4:"file";s:24:"Pokepal-icon-308x288.png";s:5:"width";i:308;s:6:"height";i:288;s:9:"mime-type";s:9:"image/png";}s:13:"small-feature";a:4:{s:4:"file";s:24:"Pokepal-icon-302x300.png";s:5:"width";i:302;s:6:"height";i:300;s:9:"mime-type";s:9:"image/png";}}s:10:"image_meta";a:12:{s:8:"aperture";s:1:"0";s:6:"credit";s:0:"";s:6:"camera";s:0:"";s:7:"caption";s:0:"";s:17:"created_timestamp";s:1:"0";s:9:"copyright";s:0:"";s:12:"focal_length";s:1:"0";s:3:"iso";s:1:"0";s:13:"shutter_speed";s:1:"0";s:5:"title";s:0:"";s:11:"orientation";s:1:"0";s:8:"keywords";a:0:{}}}]]></wp:meta_value>
		</wp:postmeta>
	</item>
	<item>
		<title>Pokepal icon</title>
		<link>http://10.3.10.81:8080/pokepal-icon-2/</link>
		<pubDate>Fri, 18 Oct 2024 21:34:09 +0000</pubDate>
		<dc:creator><![CDATA[admin]]></dc:creator>
		<guid isPermaLink="false">http://10.3.10.81:8080/wp-content/uploads/2024/10/Pokepal-icon-1.png</guid>
		<description></description>
		<content:encoded><![CDATA[]]></content:encoded>
		<excerpt:encoded><![CDATA[]]></excerpt:encoded>
		<wp:post_id>9</wp:post_id>
		<wp:post_date><![CDATA[2024-10-18 21:34:09]]></wp:post_date>
		<wp:post_date_gmt><![CDATA[2024-10-18 21:34:09]]></wp:post_date_gmt>
		<wp:comment_status><![CDATA[open]]></wp:comment_status>
		<wp:ping_status><![CDATA[closed]]></wp:ping_status>
		<wp:post_name><![CDATA[pokepal-icon-2]]></wp:post_name>
		<wp:status><![CDATA[inherit]]></wp:status>
		<wp:post_parent>0</wp:post_parent>
		<wp:menu_order>0</wp:menu_order>
		<wp:post_type><![CDATA[attachment]]></wp:post_type>
		<wp:post_password><![CDATA[]]></wp:post_password>
		<wp:is_sticky>0</wp:is_sticky>
		<wp:attachment_url><![CDATA[http://10.3.10.81:8080/wp-content/uploads/2024/10/Pokepal-icon-1.png]]></wp:attachment_url>
		<wp:postmeta>
			<wp:meta_key><![CDATA[_wp_attached_file]]></wp:meta_key>
			<wp:meta_value><![CDATA[2024/10/Pokepal-icon-1.png]]></wp:meta_value>
		</wp:postmeta>
		<wp:postmeta>
			<wp:meta_key><![CDATA[_wp_attachment_metadata]]></wp:meta_key>
			<wp:meta_value><![CDATA[a:5:{s:5:"width";i:307;s:6:"height";i:305;s:4:"file";s:26:"2024/10/Pokepal-icon-1.png";s:5:"sizes";a:5:{s:9:"thumbnail";a:4:{s:4:"file";s:26:"Pokepal-icon-1-150x150.png";s:5:"width";i:150;s:6:"height";i:150;s:9:"mime-type";s:9:"image/png";}s:6:"medium";a:4:{s:4:"file";s:26:"Pokepal-icon-1-300x298.png";s:5:"width";i:300;s:6:"height";i:298;s:9:"mime-type";s:9:"image/png";}s:14:"post-thumbnail";a:4:{s:4:"file";s:26:"Pokepal-icon-1-307x288.png";s:5:"width";i:307;s:6:"height";i:288;s:9:"mime-type";s:9:"image/png";}s:13:"large-feature";a:4:{s:4:"file";s:26:"Pokepal-icon-1-307x288.png";s:5:"width";i:307;s:6:"height";i:288;s:9:"mime-type";s:9:"image/png";}s:13:"small-feature";a:4:{s:4:"file";s:26:"Pokepal-icon-1-302x300.png";s:5:"width";i:302;s:6:"height";i:300;s:9:"mime-type";s:9:"image/png";}}s:10:"image_meta";a:12:{s:8:"aperture";s:1:"0";s:6:"credit";s:0:"";s:6:"camera";s:0:"";s:7:"caption";s:0:"";s:17:"created_timestamp";s:1:"0";s:9:"copyright";s:0:"";s:12:"focal_length";s:1:"0";s:3:"iso";s:1:"0";s:13:"shutter_speed";s:1:"0";s:5:"title";s:0:"";s:11:"orientation";s:1:"0";s:8:"keywords";a:0:{}}}]]></wp:meta_value>
		</wp:postmeta>
	</item>
	<item>
		<title>PokePal - Home</title>
		<link>http://10.3.10.81:8080/pokepal-home/</link>
		<pubDate>Fri, 18 Oct 2024 21:37:34 +0000</pubDate>
		<dc:creator><![CDATA[admin]]></dc:creator>
		<guid isPermaLink="false">http://10.3.10.81:8080/wp-content/uploads/2024/10/PokePal-Home.png</guid>
		<description></description>
		<content:encoded><![CDATA[]]></content:encoded>
		<excerpt:encoded><![CDATA[]]></excerpt:encoded>
		<wp:post_id>10</wp:post_id>
		<wp:post_date><![CDATA[2024-10-18 21:37:34]]></wp:post_date>
		<wp:post_date_gmt><![CDATA[2024-10-18 21:37:34]]></wp:post_date_gmt>
		<wp:comment_status><![CDATA[open]]></wp:comment_status>
		<wp:ping_status><![CDATA[closed]]></wp:ping_status>
		<wp:post_name><![CDATA[pokepal-home]]></wp:post_name>
		<wp:status><![CDATA[inherit]]></wp:status>
		<wp:post_parent>0</wp:post_parent>
		<wp:menu_order>0</wp:menu_order>
		<wp:post_type><![CDATA[attachment]]></wp:post_type>
		<wp:post_password><![CDATA[]]></wp:post_password>
		<wp:is_sticky>0</wp:is_sticky>
		<wp:attachment_url><![CDATA[http://10.3.10.81:8080/wp-content/uploads/2024/10/PokePal-Home.png]]></wp:attachment_url>
		<wp:postmeta>
			<wp:meta_key><![CDATA[_wp_attached_file]]></wp:meta_key>
			<wp:meta_value><![CDATA[2024/10/PokePal-Home.png]]></wp:meta_value>
		</wp:postmeta>
		<wp:postmeta>
			<wp:meta_key><![CDATA[_wp_attachment_metadata]]></wp:meta_key>
			<wp:meta_value><![CDATA[a:5:{s:5:"width";i:1280;s:6:"height";i:800;s:4:"file";s:24:"2024/10/PokePal-Home.png";s:5:"sizes";a:7:{s:9:"thumbnail";a:4:{s:4:"file";s:24:"PokePal-Home-150x150.png";s:5:"width";i:150;s:6:"height";i:150;s:9:"mime-type";s:9:"image/png";}s:6:"medium";a:4:{s:4:"file";s:24:"PokePal-Home-300x188.png";s:5:"width";i:300;s:6:"height";i:188;s:9:"mime-type";s:9:"image/png";}s:12:"medium_large";a:4:{s:4:"file";s:24:"PokePal-Home-768x480.png";s:5:"width";i:768;s:6:"height";i:480;s:9:"mime-type";s:9:"image/png";}s:5:"large";a:4:{s:4:"file";s:25:"PokePal-Home-1024x640.png";s:5:"width";i:1024;s:6:"height";i:640;s:9:"mime-type";s:9:"image/png";}s:14:"post-thumbnail";a:4:{s:4:"file";s:25:"PokePal-Home-1000x288.png";s:5:"width";i:1000;s:6:"height";i:288;s:9:"mime-type";s:9:"image/png";}s:13:"large-feature";a:4:{s:4:"file";s:25:"PokePal-Home-1000x288.png";s:5:"width";i:1000;s:6:"height";i:288;s:9:"mime-type";s:9:"image/png";}s:13:"small-feature";a:4:{s:4:"file";s:24:"PokePal-Home-480x300.png";s:5:"width";i:480;s:6:"height";i:300;s:9:"mime-type";s:9:"image/png";}}s:10:"image_meta";a:12:{s:8:"aperture";s:1:"0";s:6:"credit";s:0:"";s:6:"camera";s:0:"";s:7:"caption";s:0:"";s:17:"created_timestamp";s:1:"0";s:9:"copyright";s:0:"";s:12:"focal_length";s:1:"0";s:3:"iso";s:1:"0";s:13:"shutter_speed";s:1:"0";s:5:"title";s:0:"";s:11:"orientation";s:1:"0";s:8:"keywords";a:0:{}}}]]></wp:meta_value>
		</wp:postmeta>
	</item>
	<item>
		<title>cropped-PokePal-Home.png</title>
		<link>http://10.3.10.81:8080/cropped-pokepal-home-png/</link>
		<pubDate>Fri, 18 Oct 2024 21:37:46 +0000</pubDate>
		<dc:creator><![CDATA[admin]]></dc:creator>
		<guid isPermaLink="false">http://10.3.10.81:8080/wp-content/uploads/2024/10/cropped-PokePal-Home.png</guid>
		<description></description>
		<content:encoded><![CDATA[]]></content:encoded>
		<excerpt:encoded><![CDATA[]]></excerpt:encoded>
		<wp:post_id>11</wp:post_id>
		<wp:post_date><![CDATA[2024-10-18 21:37:46]]></wp:post_date>
		<wp:post_date_gmt><![CDATA[2024-10-18 21:37:46]]></wp:post_date_gmt>
		<wp:comment_status><![CDATA[open]]></wp:comment_status>
		<wp:ping_status><![CDATA[closed]]></wp:ping_status>
		<wp:post_name><![CDATA[cropped-pokepal-home-png]]></wp:post_name>
		<wp:status><![CDATA[inherit]]></wp:status>
		<wp:post_parent>0</wp:post_parent>
		<wp:menu_order>0</wp:menu_order>
		<wp:post_type><![CDATA[attachment]]></wp:post_type>
		<wp:post_password><![CDATA[]]></wp:post_password>
		<wp:is_sticky>0</wp:is_sticky>
		<wp:attachment_url><![CDATA[http://10.3.10.81:8080/wp-content/uploads/2024/10/cropped-PokePal-Home.png]]></wp:attachment_url>
		<wp:postmeta>
			<wp:meta_key><![CDATA[_wp_attached_file]]></wp:meta_key>
			<wp:meta_value><![CDATA[2024/10/cropped-PokePal-Home.png]]></wp:meta_value>
		</wp:postmeta>
		<wp:postmeta>
			<wp:meta_key><![CDATA[_wp_attachment_context]]></wp:meta_key>
			<wp:meta_value><![CDATA[custom-header]]></wp:meta_value>
		</wp:postmeta>
		<wp:postmeta>
			<wp:meta_key><![CDATA[_wp_attachment_metadata]]></wp:meta_key>
			<wp:meta_value><![CDATA[a:5:{s:5:"width";i:1000;s:6:"height";i:288;s:4:"file";s:32:"2024/10/cropped-PokePal-Home.png";s:5:"sizes";a:4:{s:9:"thumbnail";a:4:{s:4:"file";s:32:"cropped-PokePal-Home-150x150.png";s:5:"width";i:150;s:6:"height";i:150;s:9:"mime-type";s:9:"image/png";}s:6:"medium";a:4:{s:4:"file";s:31:"cropped-PokePal-Home-300x86.png";s:5:"width";i:300;s:6:"height";i:86;s:9:"mime-type";s:9:"image/png";}s:12:"medium_large";a:4:{s:4:"file";s:32:"cropped-PokePal-Home-768x221.png";s:5:"width";i:768;s:6:"height";i:221;s:9:"mime-type";s:9:"image/png";}s:13:"small-feature";a:4:{s:4:"file";s:32:"cropped-PokePal-Home-500x144.png";s:5:"width";i:500;s:6:"height";i:144;s:9:"mime-type";s:9:"image/png";}}s:10:"image_meta";a:12:{s:8:"aperture";s:1:"0";s:6:"credit";s:0:"";s:6:"camera";s:0:"";s:7:"caption";s:0:"";s:17:"created_timestamp";s:1:"0";s:9:"copyright";s:0:"";s:12:"focal_length";s:1:"0";s:3:"iso";s:1:"0";s:13:"shutter_speed";s:1:"0";s:5:"title";s:0:"";s:11:"orientation";s:1:"0";s:8:"keywords";a:0:{}}}]]></wp:meta_value>
		</wp:postmeta>
		<wp:postmeta>
			<wp:meta_key><![CDATA[_wp_attachment_custom_header_last_used_twentyeleven]]></wp:meta_key>
			<wp:meta_value><![CDATA[1729287466]]></wp:meta_value>
		</wp:postmeta>
		<wp:postmeta>
			<wp:meta_key><![CDATA[_wp_attachment_is_custom_header]]></wp:meta_key>
			<wp:meta_value><![CDATA[twentyeleven]]></wp:meta_value>
		</wp:postmeta>
	</item>
	<item>
		<title>Background</title>
		<link>http://10.3.10.81:8080/background/</link>
		<pubDate>Fri, 18 Oct 2024 21:54:16 +0000</pubDate>
		<dc:creator><![CDATA[admin]]></dc:creator>
		<guid isPermaLink="false">http://10.3.10.81:8080/wp-content/uploads/2024/10/Background.png</guid>
		<description></description>
		<content:encoded><![CDATA[]]></content:encoded>
		<excerpt:encoded><![CDATA[]]></excerpt:encoded>
		<wp:post_id>12</wp:post_id>
		<wp:post_date><![CDATA[2024-10-18 21:54:16]]></wp:post_date>
		<wp:post_date_gmt><![CDATA[2024-10-18 21:54:16]]></wp:post_date_gmt>
		<wp:comment_status><![CDATA[open]]></wp:comment_status>
		<wp:ping_status><![CDATA[closed]]></wp:ping_status>
		<wp:post_name><![CDATA[background]]></wp:post_name>
		<wp:status><![CDATA[inherit]]></wp:status>
		<wp:post_parent>0</wp:post_parent>
		<wp:menu_order>0</wp:menu_order>
		<wp:post_type><![CDATA[attachment]]></wp:post_type>
		<wp:post_password><![CDATA[]]></wp:post_password>
		<wp:is_sticky>0</wp:is_sticky>
		<wp:attachment_url><![CDATA[http://10.3.10.81:8080/wp-content/uploads/2024/10/Background.png]]></wp:attachment_url>
		<wp:postmeta>
			<wp:meta_key><![CDATA[_wp_attached_file]]></wp:meta_key>
			<wp:meta_value><![CDATA[2024/10/Background.png]]></wp:meta_value>
		</wp:postmeta>
		<wp:postmeta>
			<wp:meta_key><![CDATA[_wp_attachment_metadata]]></wp:meta_key>
			<wp:meta_value><![CDATA[a:5:{s:5:"width";i:910;s:6:"height";i:511;s:4:"file";s:22:"2024/10/Background.png";s:5:"sizes";a:6:{s:9:"thumbnail";a:4:{s:4:"file";s:22:"Background-150x150.png";s:5:"width";i:150;s:6:"height";i:150;s:9:"mime-type";s:9:"image/png";}s:6:"medium";a:4:{s:4:"file";s:22:"Background-300x168.png";s:5:"width";i:300;s:6:"height";i:168;s:9:"mime-type";s:9:"image/png";}s:12:"medium_large";a:4:{s:4:"file";s:22:"Background-768x431.png";s:5:"width";i:768;s:6:"height";i:431;s:9:"mime-type";s:9:"image/png";}s:14:"post-thumbnail";a:4:{s:4:"file";s:22:"Background-910x288.png";s:5:"width";i:910;s:6:"height";i:288;s:9:"mime-type";s:9:"image/png";}s:13:"large-feature";a:4:{s:4:"file";s:22:"Background-910x288.png";s:5:"width";i:910;s:6:"height";i:288;s:9:"mime-type";s:9:"image/png";}s:13:"small-feature";a:4:{s:4:"file";s:22:"Background-500x281.png";s:5:"width";i:500;s:6:"height";i:281;s:9:"mime-type";s:9:"image/png";}}s:10:"image_meta";a:12:{s:8:"aperture";s:1:"0";s:6:"credit";s:0:"";s:6:"camera";s:0:"";s:7:"caption";s:0:"";s:17:"created_timestamp";s:1:"0";s:9:"copyright";s:0:"";s:12:"focal_length";s:1:"0";s:3:"iso";s:1:"0";s:13:"shutter_speed";s:1:"0";s:5:"title";s:0:"";s:11:"orientation";s:1:"0";s:8:"keywords";a:0:{}}}]]></wp:meta_value>
		</wp:postmeta>
	</item>
	<item>
		<title>cropped-Background.png</title>
		<link>http://10.3.10.81:8080/cropped-background-png/</link>
		<pubDate>Fri, 18 Oct 2024 21:55:21 +0000</pubDate>
		<dc:creator><![CDATA[admin]]></dc:creator>
		<guid isPermaLink="false">http://10.3.10.81:8080/wp-content/uploads/2024/10/cropped-Background.png</guid>
		<description></description>
		<content:encoded><![CDATA[]]></content:encoded>
		<excerpt:encoded><![CDATA[]]></excerpt:encoded>
		<wp:post_id>13</wp:post_id>
		<wp:post_date><![CDATA[2024-10-18 21:55:21]]></wp:post_date>
		<wp:post_date_gmt><![CDATA[2024-10-18 21:55:21]]></wp:post_date_gmt>
		<wp:comment_status><![CDATA[open]]></wp:comment_status>
		<wp:ping_status><![CDATA[closed]]></wp:ping_status>
		<wp:post_name><![CDATA[cropped-background-png]]></wp:post_name>
		<wp:status><![CDATA[inherit]]></wp:status>
		<wp:post_parent>0</wp:post_parent>
		<wp:menu_order>0</wp:menu_order>
		<wp:post_type><![CDATA[attachment]]></wp:post_type>
		<wp:post_password><![CDATA[]]></wp:post_password>
		<wp:is_sticky>0</wp:is_sticky>
		<wp:attachment_url><![CDATA[http://10.3.10.81:8080/wp-content/uploads/2024/10/cropped-Background.png]]></wp:attachment_url>
		<wp:postmeta>
			<wp:meta_key><![CDATA[_wp_attached_file]]></wp:meta_key>
			<wp:meta_value><![CDATA[2024/10/cropped-Background.png]]></wp:meta_value>
		</wp:postmeta>
		<wp:postmeta>
			<wp:meta_key><![CDATA[_wp_attachment_context]]></wp:meta_key>
			<wp:meta_value><![CDATA[custom-header]]></wp:meta_value>
		</wp:postmeta>
		<wp:postmeta>
			<wp:meta_key><![CDATA[_wp_attachment_metadata]]></wp:meta_key>
			<wp:meta_value><![CDATA[a:5:{s:5:"width";i:1000;s:6:"height";i:287;s:4:"file";s:30:"2024/10/cropped-Background.png";s:5:"sizes";a:6:{s:9:"thumbnail";a:4:{s:4:"file";s:30:"cropped-Background-150x150.png";s:5:"width";i:150;s:6:"height";i:150;s:9:"mime-type";s:9:"image/png";}s:6:"medium";a:4:{s:4:"file";s:29:"cropped-Background-300x86.png";s:5:"width";i:300;s:6:"height";i:86;s:9:"mime-type";s:9:"image/png";}s:12:"medium_large";a:4:{s:4:"file";s:30:"cropped-Background-768x220.png";s:5:"width";i:768;s:6:"height";i:220;s:9:"mime-type";s:9:"image/png";}s:14:"post-thumbnail";a:4:{s:4:"file";s:31:"cropped-Background-1000x287.png";s:5:"width";i:1000;s:6:"height";i:287;s:9:"mime-type";s:9:"image/png";}s:13:"large-feature";a:4:{s:4:"file";s:31:"cropped-Background-1000x287.png";s:5:"width";i:1000;s:6:"height";i:287;s:9:"mime-type";s:9:"image/png";}s:13:"small-feature";a:4:{s:4:"file";s:30:"cropped-Background-500x144.png";s:5:"width";i:500;s:6:"height";i:144;s:9:"mime-type";s:9:"image/png";}}s:10:"image_meta";a:12:{s:8:"aperture";s:1:"0";s:6:"credit";s:0:"";s:6:"camera";s:0:"";s:7:"caption";s:0:"";s:17:"created_timestamp";s:1:"0";s:9:"copyright";s:0:"";s:12:"focal_length";s:1:"0";s:3:"iso";s:1:"0";s:13:"shutter_speed";s:1:"0";s:5:"title";s:0:"";s:11:"orientation";s:1:"0";s:8:"keywords";a:0:{}}}]]></wp:meta_value>
		</wp:postmeta>
		<wp:postmeta>
			<wp:meta_key><![CDATA[_wp_attachment_custom_header_last_used_twentyeleven]]></wp:meta_key>
			<wp:meta_value><![CDATA[1729288521]]></wp:meta_value>
		</wp:postmeta>
		<wp:postmeta>
			<wp:meta_key><![CDATA[_wp_attachment_is_custom_header]]></wp:meta_key>
			<wp:meta_value><![CDATA[twentyeleven]]></wp:meta_value>
		</wp:postmeta>
	</item>
	<item>
		<title>background 2</title>
		<link>http://10.3.10.81:8080/background-2/</link>
		<pubDate>Fri, 18 Oct 2024 21:56:22 +0000</pubDate>
		<dc:creator><![CDATA[admin]]></dc:creator>
		<guid isPermaLink="false">http://10.3.10.81:8080/wp-content/uploads/2024/10/background-2.png</guid>
		<description></description>
		<content:encoded><![CDATA[]]></content:encoded>
		<excerpt:encoded><![CDATA[]]></excerpt:encoded>
		<wp:post_id>14</wp:post_id>
		<wp:post_date><![CDATA[2024-10-18 21:56:22]]></wp:post_date>
		<wp:post_date_gmt><![CDATA[2024-10-18 21:56:22]]></wp:post_date_gmt>
		<wp:comment_status><![CDATA[open]]></wp:comment_status>
		<wp:ping_status><![CDATA[closed]]></wp:ping_status>
		<wp:post_name><![CDATA[background-2]]></wp:post_name>
		<wp:status><![CDATA[inherit]]></wp:status>
		<wp:post_parent>0</wp:post_parent>
		<wp:menu_order>0</wp:menu_order>
		<wp:post_type><![CDATA[attachment]]></wp:post_type>
		<wp:post_password><![CDATA[]]></wp:post_password>
		<wp:is_sticky>0</wp:is_sticky>
		<wp:attachment_url><![CDATA[http://10.3.10.81:8080/wp-content/uploads/2024/10/background-2.png]]></wp:attachment_url>
		<wp:postmeta>
			<wp:meta_key><![CDATA[_wp_attached_file]]></wp:meta_key>
			<wp:meta_value><![CDATA[2024/10/background-2.png]]></wp:meta_value>
		</wp:postmeta>
		<wp:postmeta>
			<wp:meta_key><![CDATA[_wp_attachment_metadata]]></wp:meta_key>
			<wp:meta_value><![CDATA[a:5:{s:5:"width";i:1070;s:6:"height";i:823;s:4:"file";s:24:"2024/10/background-2.png";s:5:"sizes";a:7:{s:9:"thumbnail";a:4:{s:4:"file";s:24:"background-2-150x150.png";s:5:"width";i:150;s:6:"height";i:150;s:9:"mime-type";s:9:"image/png";}s:6:"medium";a:4:{s:4:"file";s:24:"background-2-300x231.png";s:5:"width";i:300;s:6:"height";i:231;s:9:"mime-type";s:9:"image/png";}s:12:"medium_large";a:4:{s:4:"file";s:24:"background-2-768x591.png";s:5:"width";i:768;s:6:"height";i:591;s:9:"mime-type";s:9:"image/png";}s:5:"large";a:4:{s:4:"file";s:25:"background-2-1024x788.png";s:5:"width";i:1024;s:6:"height";i:788;s:9:"mime-type";s:9:"image/png";}s:14:"post-thumbnail";a:4:{s:4:"file";s:25:"background-2-1000x288.png";s:5:"width";i:1000;s:6:"height";i:288;s:9:"mime-type";s:9:"image/png";}s:13:"large-feature";a:4:{s:4:"file";s:25:"background-2-1000x288.png";s:5:"width";i:1000;s:6:"height";i:288;s:9:"mime-type";s:9:"image/png";}s:13:"small-feature";a:4:{s:4:"file";s:24:"background-2-390x300.png";s:5:"width";i:390;s:6:"height";i:300;s:9:"mime-type";s:9:"image/png";}}s:10:"image_meta";a:12:{s:8:"aperture";s:1:"0";s:6:"credit";s:0:"";s:6:"camera";s:0:"";s:7:"caption";s:0:"";s:17:"created_timestamp";s:1:"0";s:9:"copyright";s:0:"";s:12:"focal_length";s:1:"0";s:3:"iso";s:1:"0";s:13:"shutter_speed";s:1:"0";s:5:"title";s:0:"";s:11:"orientation";s:1:"0";s:8:"keywords";a:0:{}}}]]></wp:meta_value>
		</wp:postmeta>
	</item>
	<item>
		<title>cropped-background-2.png</title>
		<link>http://10.3.10.81:8080/cropped-background-2-png/</link>
		<pubDate>Fri, 18 Oct 2024 21:56:28 +0000</pubDate>
		<dc:creator><![CDATA[admin]]></dc:creator>
		<guid isPermaLink="false">http://10.3.10.81:8080/wp-content/uploads/2024/10/cropped-background-2.png</guid>
		<description></description>
		<content:encoded><![CDATA[]]></content:encoded>
		<excerpt:encoded><![CDATA[]]></excerpt:encoded>
		<wp:post_id>15</wp:post_id>
		<wp:post_date><![CDATA[2024-10-18 21:56:28]]></wp:post_date>
		<wp:post_date_gmt><![CDATA[2024-10-18 21:56:28]]></wp:post_date_gmt>
		<wp:comment_status><![CDATA[open]]></wp:comment_status>
		<wp:ping_status><![CDATA[closed]]></wp:ping_status>
		<wp:post_name><![CDATA[cropped-background-2-png]]></wp:post_name>
		<wp:status><![CDATA[inherit]]></wp:status>
		<wp:post_parent>0</wp:post_parent>
		<wp:menu_order>0</wp:menu_order>
		<wp:post_type><![CDATA[attachment]]></wp:post_type>
		<wp:post_password><![CDATA[]]></wp:post_password>
		<wp:is_sticky>0</wp:is_sticky>
		<wp:attachment_url><![CDATA[http://10.3.10.81:8080/wp-content/uploads/2024/10/cropped-background-2.png]]></wp:attachment_url>
		<wp:postmeta>
			<wp:meta_key><![CDATA[_wp_attached_file]]></wp:meta_key>
			<wp:meta_value><![CDATA[2024/10/cropped-background-2.png]]></wp:meta_value>
		</wp:postmeta>
		<wp:postmeta>
			<wp:meta_key><![CDATA[_wp_attachment_context]]></wp:meta_key>
			<wp:meta_value><![CDATA[custom-header]]></wp:meta_value>
		</wp:postmeta>
		<wp:postmeta>
			<wp:meta_key><![CDATA[_wp_attachment_metadata]]></wp:meta_key>
			<wp:meta_value><![CDATA[a:5:{s:5:"width";i:1000;s:6:"height";i:287;s:4:"file";s:32:"2024/10/cropped-background-2.png";s:5:"sizes";a:6:{s:9:"thumbnail";a:4:{s:4:"file";s:32:"cropped-background-2-150x150.png";s:5:"width";i:150;s:6:"height";i:150;s:9:"mime-type";s:9:"image/png";}s:6:"medium";a:4:{s:4:"file";s:31:"cropped-background-2-300x86.png";s:5:"width";i:300;s:6:"height";i:86;s:9:"mime-type";s:9:"image/png";}s:12:"medium_large";a:4:{s:4:"file";s:32:"cropped-background-2-768x220.png";s:5:"width";i:768;s:6:"height";i:220;s:9:"mime-type";s:9:"image/png";}s:14:"post-thumbnail";a:4:{s:4:"file";s:33:"cropped-background-2-1000x287.png";s:5:"width";i:1000;s:6:"height";i:287;s:9:"mime-type";s:9:"image/png";}s:13:"large-feature";a:4:{s:4:"file";s:33:"cropped-background-2-1000x287.png";s:5:"width";i:1000;s:6:"height";i:287;s:9:"mime-type";s:9:"image/png";}s:13:"small-feature";a:4:{s:4:"file";s:32:"cropped-background-2-500x144.png";s:5:"width";i:500;s:6:"height";i:144;s:9:"mime-type";s:9:"image/png";}}s:10:"image_meta";a:12:{s:8:"aperture";s:1:"0";s:6:"credit";s:0:"";s:6:"camera";s:0:"";s:7:"caption";s:0:"";s:17:"created_timestamp";s:1:"0";s:9:"copyright";s:0:"";s:12:"focal_length";s:1:"0";s:3:"iso";s:1:"0";s:13:"shutter_speed";s:1:"0";s:5:"title";s:0:"";s:11:"orientation";s:1:"0";s:8:"keywords";a:0:{}}}]]></wp:meta_value>
		</wp:postmeta>
		<wp:postmeta>
			<wp:meta_key><![CDATA[_wp_attachment_custom_header_last_used_twentyeleven]]></wp:meta_key>
			<wp:meta_value><![CDATA[1729288588]]></wp:meta_value>
		</wp:postmeta>
		<wp:postmeta>
			<wp:meta_key><![CDATA[_wp_attachment_is_custom_header]]></wp:meta_key>
			<wp:meta_value><![CDATA[twentyeleven]]></wp:meta_value>
		</wp:postmeta>
	</item>
	<item>
		<title>water background</title>
		<link>http://10.3.10.81:8080/water-background/</link>
		<pubDate>Fri, 18 Oct 2024 21:57:39 +0000</pubDate>
		<dc:creator><![CDATA[admin]]></dc:creator>
		<guid isPermaLink="false">http://10.3.10.81:8080/wp-content/uploads/2024/10/water-background.png</guid>
		<description></description>
		<content:encoded><![CDATA[]]></content:encoded>
		<excerpt:encoded><![CDATA[]]></excerpt:encoded>
		<wp:post_id>16</wp:post_id>
		<wp:post_date><![CDATA[2024-10-18 21:57:39]]></wp:post_date>
		<wp:post_date_gmt><![CDATA[2024-10-18 21:57:39]]></wp:post_date_gmt>
		<wp:comment_status><![CDATA[open]]></wp:comment_status>
		<wp:ping_status><![CDATA[closed]]></wp:ping_status>
		<wp:post_name><![CDATA[water-background]]></wp:post_name>
		<wp:status><![CDATA[inherit]]></wp:status>
		<wp:post_parent>0</wp:post_parent>
		<wp:menu_order>0</wp:menu_order>
		<wp:post_type><![CDATA[attachment]]></wp:post_type>
		<wp:post_password><![CDATA[]]></wp:post_password>
		<wp:is_sticky>0</wp:is_sticky>
		<wp:attachment_url><![CDATA[http://10.3.10.81:8080/wp-content/uploads/2024/10/water-background.png]]></wp:attachment_url>
		<wp:postmeta>
			<wp:meta_key><![CDATA[_wp_attached_file]]></wp:meta_key>
			<wp:meta_value><![CDATA[2024/10/water-background.png]]></wp:meta_value>
		</wp:postmeta>
		<wp:postmeta>
			<wp:meta_key><![CDATA[_wp_attachment_metadata]]></wp:meta_key>
			<wp:meta_value><![CDATA[a:5:{s:5:"width";i:1338;s:6:"height";i:657;s:4:"file";s:28:"2024/10/water-background.png";s:5:"sizes";a:7:{s:9:"thumbnail";a:4:{s:4:"file";s:28:"water-background-150x150.png";s:5:"width";i:150;s:6:"height";i:150;s:9:"mime-type";s:9:"image/png";}s:6:"medium";a:4:{s:4:"file";s:28:"water-background-300x147.png";s:5:"width";i:300;s:6:"height";i:147;s:9:"mime-type";s:9:"image/png";}s:12:"medium_large";a:4:{s:4:"file";s:28:"water-background-768x377.png";s:5:"width";i:768;s:6:"height";i:377;s:9:"mime-type";s:9:"image/png";}s:5:"large";a:4:{s:4:"file";s:29:"water-background-1024x503.png";s:5:"width";i:1024;s:6:"height";i:503;s:9:"mime-type";s:9:"image/png";}s:14:"post-thumbnail";a:4:{s:4:"file";s:29:"water-background-1000x288.png";s:5:"width";i:1000;s:6:"height";i:288;s:9:"mime-type";s:9:"image/png";}s:13:"large-feature";a:4:{s:4:"file";s:29:"water-background-1000x288.png";s:5:"width";i:1000;s:6:"height";i:288;s:9:"mime-type";s:9:"image/png";}s:13:"small-feature";a:4:{s:4:"file";s:28:"water-background-500x246.png";s:5:"width";i:500;s:6:"height";i:246;s:9:"mime-type";s:9:"image/png";}}s:10:"image_meta";a:12:{s:8:"aperture";s:1:"0";s:6:"credit";s:0:"";s:6:"camera";s:0:"";s:7:"caption";s:0:"";s:17:"created_timestamp";s:1:"0";s:9:"copyright";s:0:"";s:12:"focal_length";s:1:"0";s:3:"iso";s:1:"0";s:13:"shutter_speed";s:1:"0";s:5:"title";s:0:"";s:11:"orientation";s:1:"0";s:8:"keywords";a:0:{}}}]]></wp:meta_value>
		</wp:postmeta>
	</item>
	<item>
		<title>cropped-water-background.png</title>
		<link>http://10.3.10.81:8080/cropped-water-background-png/</link>
		<pubDate>Fri, 18 Oct 2024 21:57:45 +0000</pubDate>
		<dc:creator><![CDATA[admin]]></dc:creator>
		<guid isPermaLink="false">http://10.3.10.81:8080/wp-content/uploads/2024/10/cropped-water-background.png</guid>
		<description></description>
		<content:encoded><![CDATA[]]></content:encoded>
		<excerpt:encoded><![CDATA[]]></excerpt:encoded>
		<wp:post_id>17</wp:post_id>
		<wp:post_date><![CDATA[2024-10-18 21:57:45]]></wp:post_date>
		<wp:post_date_gmt><![CDATA[2024-10-18 21:57:45]]></wp:post_date_gmt>
		<wp:comment_status><![CDATA[open]]></wp:comment_status>
		<wp:ping_status><![CDATA[closed]]></wp:ping_status>
		<wp:post_name><![CDATA[cropped-water-background-png]]></wp:post_name>
		<wp:status><![CDATA[inherit]]></wp:status>
		<wp:post_parent>0</wp:post_parent>
		<wp:menu_order>0</wp:menu_order>
		<wp:post_type><![CDATA[attachment]]></wp:post_type>
		<wp:post_password><![CDATA[]]></wp:post_password>
		<wp:is_sticky>0</wp:is_sticky>
		<wp:attachment_url><![CDATA[http://10.3.10.81:8080/wp-content/uploads/2024/10/cropped-water-background.png]]></wp:attachment_url>
		<wp:postmeta>
			<wp:meta_key><![CDATA[_wp_attached_file]]></wp:meta_key>
			<wp:meta_value><![CDATA[2024/10/cropped-water-background.png]]></wp:meta_value>
		</wp:postmeta>
		<wp:postmeta>
			<wp:meta_key><![CDATA[_wp_attachment_context]]></wp:meta_key>
			<wp:meta_value><![CDATA[custom-header]]></wp:meta_value>
		</wp:postmeta>
		<wp:postmeta>
			<wp:meta_key><![CDATA[_wp_attachment_metadata]]></wp:meta_key>
			<wp:meta_value><![CDATA[a:5:{s:5:"width";i:1000;s:6:"height";i:286;s:4:"file";s:36:"2024/10/cropped-water-background.png";s:5:"sizes";a:6:{s:9:"thumbnail";a:4:{s:4:"file";s:36:"cropped-water-background-150x150.png";s:5:"width";i:150;s:6:"height";i:150;s:9:"mime-type";s:9:"image/png";}s:6:"medium";a:4:{s:4:"file";s:35:"cropped-water-background-300x86.png";s:5:"width";i:300;s:6:"height";i:86;s:9:"mime-type";s:9:"image/png";}s:12:"medium_large";a:4:{s:4:"file";s:36:"cropped-water-background-768x220.png";s:5:"width";i:768;s:6:"height";i:220;s:9:"mime-type";s:9:"image/png";}s:14:"post-thumbnail";a:4:{s:4:"file";s:37:"cropped-water-background-1000x286.png";s:5:"width";i:1000;s:6:"height";i:286;s:9:"mime-type";s:9:"image/png";}s:13:"large-feature";a:4:{s:4:"file";s:37:"cropped-water-background-1000x286.png";s:5:"width";i:1000;s:6:"height";i:286;s:9:"mime-type";s:9:"image/png";}s:13:"small-feature";a:4:{s:4:"file";s:36:"cropped-water-background-500x143.png";s:5:"width";i:500;s:6:"height";i:143;s:9:"mime-type";s:9:"image/png";}}s:10:"image_meta";a:12:{s:8:"aperture";s:1:"0";s:6:"credit";s:0:"";s:6:"camera";s:0:"";s:7:"caption";s:0:"";s:17:"created_timestamp";s:1:"0";s:9:"copyright";s:0:"";s:12:"focal_length";s:1:"0";s:3:"iso";s:1:"0";s:13:"shutter_speed";s:1:"0";s:5:"title";s:0:"";s:11:"orientation";s:1:"0";s:8:"keywords";a:0:{}}}]]></wp:meta_value>
		</wp:postmeta>
		<wp:postmeta>
			<wp:meta_key><![CDATA[_wp_attachment_custom_header_last_used_twentyeleven]]></wp:meta_key>
			<wp:meta_value><![CDATA[1729288665]]></wp:meta_value>
		</wp:postmeta>
		<wp:postmeta>
			<wp:meta_key><![CDATA[_wp_attachment_is_custom_header]]></wp:meta_key>
			<wp:meta_value><![CDATA[twentyeleven]]></wp:meta_value>
		</wp:postmeta>
	</item>
	<item>
		<title>rock background</title>
		<link>http://10.3.10.81:8080/rock-background/</link>
		<pubDate>Fri, 18 Oct 2024 22:00:35 +0000</pubDate>
		<dc:creator><![CDATA[admin]]></dc:creator>
		<guid isPermaLink="false">http://10.3.10.81:8080/wp-content/uploads/2024/10/rock-background.png</guid>
		<description></description>
		<content:encoded><![CDATA[]]></content:encoded>
		<excerpt:encoded><![CDATA[]]></excerpt:encoded>
		<wp:post_id>18</wp:post_id>
		<wp:post_date><![CDATA[2024-10-18 22:00:35]]></wp:post_date>
		<wp:post_date_gmt><![CDATA[2024-10-18 22:00:35]]></wp:post_date_gmt>
		<wp:comment_status><![CDATA[open]]></wp:comment_status>
		<wp:ping_status><![CDATA[closed]]></wp:ping_status>
		<wp:post_name><![CDATA[rock-background]]></wp:post_name>
		<wp:status><![CDATA[inherit]]></wp:status>
		<wp:post_parent>0</wp:post_parent>
		<wp:menu_order>0</wp:menu_order>
		<wp:post_type><![CDATA[attachment]]></wp:post_type>
		<wp:post_password><![CDATA[]]></wp:post_password>
		<wp:is_sticky>0</wp:is_sticky>
		<wp:attachment_url><![CDATA[http://10.3.10.81:8080/wp-content/uploads/2024/10/rock-background.png]]></wp:attachment_url>
		<wp:postmeta>
			<wp:meta_key><![CDATA[_wp_attached_file]]></wp:meta_key>
			<wp:meta_value><![CDATA[2024/10/rock-background.png]]></wp:meta_value>
		</wp:postmeta>
		<wp:postmeta>
			<wp:meta_key><![CDATA[_wp_attachment_metadata]]></wp:meta_key>
			<wp:meta_value><![CDATA[a:5:{s:5:"width";i:871;s:6:"height";i:486;s:4:"file";s:27:"2024/10/rock-background.png";s:5:"sizes";a:6:{s:9:"thumbnail";a:4:{s:4:"file";s:27:"rock-background-150x150.png";s:5:"width";i:150;s:6:"height";i:150;s:9:"mime-type";s:9:"image/png";}s:6:"medium";a:4:{s:4:"file";s:27:"rock-background-300x167.png";s:5:"width";i:300;s:6:"height";i:167;s:9:"mime-type";s:9:"image/png";}s:12:"medium_large";a:4:{s:4:"file";s:27:"rock-background-768x429.png";s:5:"width";i:768;s:6:"height";i:429;s:9:"mime-type";s:9:"image/png";}s:14:"post-thumbnail";a:4:{s:4:"file";s:27:"rock-background-871x288.png";s:5:"width";i:871;s:6:"height";i:288;s:9:"mime-type";s:9:"image/png";}s:13:"large-feature";a:4:{s:4:"file";s:27:"rock-background-871x288.png";s:5:"width";i:871;s:6:"height";i:288;s:9:"mime-type";s:9:"image/png";}s:13:"small-feature";a:4:{s:4:"file";s:27:"rock-background-500x279.png";s:5:"width";i:500;s:6:"height";i:279;s:9:"mime-type";s:9:"image/png";}}s:10:"image_meta";a:12:{s:8:"aperture";s:1:"0";s:6:"credit";s:0:"";s:6:"camera";s:0:"";s:7:"caption";s:0:"";s:17:"created_timestamp";s:1:"0";s:9:"copyright";s:0:"";s:12:"focal_length";s:1:"0";s:3:"iso";s:1:"0";s:13:"shutter_speed";s:1:"0";s:5:"title";s:0:"";s:11:"orientation";s:1:"0";s:8:"keywords";a:0:{}}}]]></wp:meta_value>
		</wp:postmeta>
	</item>
	<item>
		<title>fire background</title>
		<link>http://10.3.10.81:8080/fire-background/</link>
		<pubDate>Fri, 18 Oct 2024 22:00:41 +0000</pubDate>
		<dc:creator><![CDATA[admin]]></dc:creator>
		<guid isPermaLink="false">http://10.3.10.81:8080/wp-content/uploads/2024/10/fire-background.png</guid>
		<description></description>
		<content:encoded><![CDATA[]]></content:encoded>
		<excerpt:encoded><![CDATA[]]></excerpt:encoded>
		<wp:post_id>19</wp:post_id>
		<wp:post_date><![CDATA[2024-10-18 22:00:41]]></wp:post_date>
		<wp:post_date_gmt><![CDATA[2024-10-18 22:00:41]]></wp:post_date_gmt>
		<wp:comment_status><![CDATA[open]]></wp:comment_status>
		<wp:ping_status><![CDATA[closed]]></wp:ping_status>
		<wp:post_name><![CDATA[fire-background]]></wp:post_name>
		<wp:status><![CDATA[inherit]]></wp:status>
		<wp:post_parent>0</wp:post_parent>
		<wp:menu_order>0</wp:menu_order>
		<wp:post_type><![CDATA[attachment]]></wp:post_type>
		<wp:post_password><![CDATA[]]></wp:post_password>
		<wp:is_sticky>0</wp:is_sticky>
		<wp:attachment_url><![CDATA[http://10.3.10.81:8080/wp-content/uploads/2024/10/fire-background.png]]></wp:attachment_url>
		<wp:postmeta>
			<wp:meta_key><![CDATA[_wp_attached_file]]></wp:meta_key>
			<wp:meta_value><![CDATA[2024/10/fire-background.png]]></wp:meta_value>
		</wp:postmeta>
		<wp:postmeta>
			<wp:meta_key><![CDATA[_wp_attachment_metadata]]></wp:meta_key>
			<wp:meta_value><![CDATA[a:5:{s:5:"width";i:447;s:6:"height";i:800;s:4:"file";s:27:"2024/10/fire-background.png";s:5:"sizes";a:5:{s:9:"thumbnail";a:4:{s:4:"file";s:27:"fire-background-150x150.png";s:5:"width";i:150;s:6:"height";i:150;s:9:"mime-type";s:9:"image/png";}s:6:"medium";a:4:{s:4:"file";s:27:"fire-background-168x300.png";s:5:"width";i:168;s:6:"height";i:300;s:9:"mime-type";s:9:"image/png";}s:14:"post-thumbnail";a:4:{s:4:"file";s:27:"fire-background-447x288.png";s:5:"width";i:447;s:6:"height";i:288;s:9:"mime-type";s:9:"image/png";}s:13:"large-feature";a:4:{s:4:"file";s:27:"fire-background-447x288.png";s:5:"width";i:447;s:6:"height";i:288;s:9:"mime-type";s:9:"image/png";}s:13:"small-feature";a:4:{s:4:"file";s:27:"fire-background-168x300.png";s:5:"width";i:168;s:6:"height";i:300;s:9:"mime-type";s:9:"image/png";}}s:10:"image_meta";a:12:{s:8:"aperture";s:1:"0";s:6:"credit";s:0:"";s:6:"camera";s:0:"";s:7:"caption";s:0:"";s:17:"created_timestamp";s:1:"0";s:9:"copyright";s:0:"";s:12:"focal_length";s:1:"0";s:3:"iso";s:1:"0";s:13:"shutter_speed";s:1:"0";s:5:"title";s:0:"";s:11:"orientation";s:1:"0";s:8:"keywords";a:0:{}}}]]></wp:meta_value>
		</wp:postmeta>
	</item>
	<item>
		<title>cropped-fire-background.png</title>
		<link>http://10.3.10.81:8080/cropped-fire-background-png/</link>
		<pubDate>Fri, 18 Oct 2024 22:00:52 +0000</pubDate>
		<dc:creator><![CDATA[admin]]></dc:creator>
		<guid isPermaLink="false">http://10.3.10.81:8080/wp-content/uploads/2024/10/cropped-fire-background.png</guid>
		<description></description>
		<content:encoded><![CDATA[]]></content:encoded>
		<excerpt:encoded><![CDATA[]]></excerpt:encoded>
		<wp:post_id>20</wp:post_id>
		<wp:post_date><![CDATA[2024-10-18 22:00:52]]></wp:post_date>
		<wp:post_date_gmt><![CDATA[2024-10-18 22:00:52]]></wp:post_date_gmt>
		<wp:comment_status><![CDATA[open]]></wp:comment_status>
		<wp:ping_status><![CDATA[closed]]></wp:ping_status>
		<wp:post_name><![CDATA[cropped-fire-background-png]]></wp:post_name>
		<wp:status><![CDATA[inherit]]></wp:status>
		<wp:post_parent>0</wp:post_parent>
		<wp:menu_order>0</wp:menu_order>
		<wp:post_type><![CDATA[attachment]]></wp:post_type>
		<wp:post_password><![CDATA[]]></wp:post_password>
		<wp:is_sticky>0</wp:is_sticky>
		<wp:attachment_url><![CDATA[http://10.3.10.81:8080/wp-content/uploads/2024/10/cropped-fire-background.png]]></wp:attachment_url>
		<wp:postmeta>
			<wp:meta_key><![CDATA[_wp_attached_file]]></wp:meta_key>
			<wp:meta_value><![CDATA[2024/10/cropped-fire-background.png]]></wp:meta_value>
		</wp:postmeta>
		<wp:postmeta>
			<wp:meta_key><![CDATA[_wp_attachment_context]]></wp:meta_key>
			<wp:meta_value><![CDATA[custom-header]]></wp:meta_value>
		</wp:postmeta>
		<wp:postmeta>
			<wp:meta_key><![CDATA[_wp_attachment_metadata]]></wp:meta_key>
			<wp:meta_value><![CDATA[a:5:{s:5:"width";i:1000;s:6:"height";i:286;s:4:"file";s:35:"2024/10/cropped-fire-background.png";s:5:"sizes";a:6:{s:9:"thumbnail";a:4:{s:4:"file";s:35:"cropped-fire-background-150x150.png";s:5:"width";i:150;s:6:"height";i:150;s:9:"mime-type";s:9:"image/png";}s:6:"medium";a:4:{s:4:"file";s:34:"cropped-fire-background-300x86.png";s:5:"width";i:300;s:6:"height";i:86;s:9:"mime-type";s:9:"image/png";}s:12:"medium_large";a:4:{s:4:"file";s:35:"cropped-fire-background-768x220.png";s:5:"width";i:768;s:6:"height";i:220;s:9:"mime-type";s:9:"image/png";}s:14:"post-thumbnail";a:4:{s:4:"file";s:36:"cropped-fire-background-1000x286.png";s:5:"width";i:1000;s:6:"height";i:286;s:9:"mime-type";s:9:"image/png";}s:13:"large-feature";a:4:{s:4:"file";s:36:"cropped-fire-background-1000x286.png";s:5:"width";i:1000;s:6:"height";i:286;s:9:"mime-type";s:9:"image/png";}s:13:"small-feature";a:4:{s:4:"file";s:35:"cropped-fire-background-500x143.png";s:5:"width";i:500;s:6:"height";i:143;s:9:"mime-type";s:9:"image/png";}}s:10:"image_meta";a:12:{s:8:"aperture";s:1:"0";s:6:"credit";s:0:"";s:6:"camera";s:0:"";s:7:"caption";s:0:"";s:17:"created_timestamp";s:1:"0";s:9:"copyright";s:0:"";s:12:"focal_length";s:1:"0";s:3:"iso";s:1:"0";s:13:"shutter_speed";s:1:"0";s:5:"title";s:0:"";s:11:"orientation";s:1:"0";s:8:"keywords";a:0:{}}}]]></wp:meta_value>
		</wp:postmeta>
		<wp:postmeta>
			<wp:meta_key><![CDATA[_wp_attachment_custom_header_last_used_twentyeleven]]></wp:meta_key>
			<wp:meta_value><![CDATA[1729288853]]></wp:meta_value>
		</wp:postmeta>
		<wp:postmeta>
			<wp:meta_key><![CDATA[_wp_attachment_is_custom_header]]></wp:meta_key>
			<wp:meta_value><![CDATA[twentyeleven]]></wp:meta_value>
		</wp:postmeta>
	</item>
	<item>
		<title>cropped-rock-background.png</title>
		<link>http://10.3.10.81:8080/cropped-rock-background-png/</link>
		<pubDate>Fri, 18 Oct 2024 22:01:03 +0000</pubDate>
		<dc:creator><![CDATA[admin]]></dc:creator>
		<guid isPermaLink="false">http://10.3.10.81:8080/wp-content/uploads/2024/10/cropped-rock-background.png</guid>
		<description></description>
		<content:encoded><![CDATA[]]></content:encoded>
		<excerpt:encoded><![CDATA[]]></excerpt:encoded>
		<wp:post_id>21</wp:post_id>
		<wp:post_date><![CDATA[2024-10-18 22:01:03]]></wp:post_date>
		<wp:post_date_gmt><![CDATA[2024-10-18 22:01:03]]></wp:post_date_gmt>
		<wp:comment_status><![CDATA[open]]></wp:comment_status>
		<wp:ping_status><![CDATA[closed]]></wp:ping_status>
		<wp:post_name><![CDATA[cropped-rock-background-png]]></wp:post_name>
		<wp:status><![CDATA[inherit]]></wp:status>
		<wp:post_parent>0</wp:post_parent>
		<wp:menu_order>0</wp:menu_order>
		<wp:post_type><![CDATA[attachment]]></wp:post_type>
		<wp:post_password><![CDATA[]]></wp:post_password>
		<wp:is_sticky>0</wp:is_sticky>
		<wp:attachment_url><![CDATA[http://10.3.10.81:8080/wp-content/uploads/2024/10/cropped-rock-background.png]]></wp:attachment_url>
		<wp:postmeta>
			<wp:meta_key><![CDATA[_wp_attached_file]]></wp:meta_key>
			<wp:meta_value><![CDATA[2024/10/cropped-rock-background.png]]></wp:meta_value>
		</wp:postmeta>
		<wp:postmeta>
			<wp:meta_key><![CDATA[_wp_attachment_context]]></wp:meta_key>
			<wp:meta_value><![CDATA[custom-header]]></wp:meta_value>
		</wp:postmeta>
		<wp:postmeta>
			<wp:meta_key><![CDATA[_wp_attachment_metadata]]></wp:meta_key>
			<wp:meta_value><![CDATA[a:5:{s:5:"width";i:1000;s:6:"height";i:288;s:4:"file";s:35:"2024/10/cropped-rock-background.png";s:5:"sizes";a:4:{s:9:"thumbnail";a:4:{s:4:"file";s:35:"cropped-rock-background-150x150.png";s:5:"width";i:150;s:6:"height";i:150;s:9:"mime-type";s:9:"image/png";}s:6:"medium";a:4:{s:4:"file";s:34:"cropped-rock-background-300x86.png";s:5:"width";i:300;s:6:"height";i:86;s:9:"mime-type";s:9:"image/png";}s:12:"medium_large";a:4:{s:4:"file";s:35:"cropped-rock-background-768x221.png";s:5:"width";i:768;s:6:"height";i:221;s:9:"mime-type";s:9:"image/png";}s:13:"small-feature";a:4:{s:4:"file";s:35:"cropped-rock-background-500x144.png";s:5:"width";i:500;s:6:"height";i:144;s:9:"mime-type";s:9:"image/png";}}s:10:"image_meta";a:12:{s:8:"aperture";s:1:"0";s:6:"credit";s:0:"";s:6:"camera";s:0:"";s:7:"caption";s:0:"";s:17:"created_timestamp";s:1:"0";s:9:"copyright";s:0:"";s:12:"focal_length";s:1:"0";s:3:"iso";s:1:"0";s:13:"shutter_speed";s:1:"0";s:5:"title";s:0:"";s:11:"orientation";s:1:"0";s:8:"keywords";a:0:{}}}]]></wp:meta_value>
		</wp:postmeta>
		<wp:postmeta>
			<wp:meta_key><![CDATA[_wp_attachment_custom_header_last_used_twentyeleven]]></wp:meta_key>
			<wp:meta_value><![CDATA[1729288863]]></wp:meta_value>
		</wp:postmeta>
		<wp:postmeta>
			<wp:meta_key><![CDATA[_wp_attachment_is_custom_header]]></wp:meta_key>
			<wp:meta_value><![CDATA[twentyeleven]]></wp:meta_value>
		</wp:postmeta>
	</item>
	<item>
		<title>image-Photoroom</title>
		<link>http://10.3.10.81:8080/index.php/2024/11/01/about-pokepal-center/image-photoroom/</link>
		<pubDate>Fri, 01 Nov 2024 23:22:52 +0000</pubDate>
		<dc:creator><![CDATA[admin]]></dc:creator>
		<guid isPermaLink="false">http://10.3.10.81:8080/wp-content/uploads/2024/11/image-Photoroom.png</guid>
		<description></description>
		<content:encoded><![CDATA[]]></content:encoded>
		<excerpt:encoded><![CDATA[]]></excerpt:encoded>
		<wp:post_id>24</wp:post_id>
		<wp:post_date><![CDATA[2024-11-01 23:22:52]]></wp:post_date>
		<wp:post_date_gmt><![CDATA[2024-11-01 23:22:52]]></wp:post_date_gmt>
		<wp:comment_status><![CDATA[open]]></wp:comment_status>
		<wp:ping_status><![CDATA[closed]]></wp:ping_status>
		<wp:post_name><![CDATA[image-photoroom]]></wp:post_name>
		<wp:status><![CDATA[inherit]]></wp:status>
		<wp:post_parent>23</wp:post_parent>
		<wp:menu_order>0</wp:menu_order>
		<wp:post_type><![CDATA[attachment]]></wp:post_type>
		<wp:post_password><![CDATA[]]></wp:post_password>
		<wp:is_sticky>0</wp:is_sticky>
		<wp:attachment_url><![CDATA[http://10.3.10.81:8080/wp-content/uploads/2024/11/image-Photoroom.png]]></wp:attachment_url>
		<wp:postmeta>
			<wp:meta_key><![CDATA[_wp_attached_file]]></wp:meta_key>
			<wp:meta_value><![CDATA[2024/11/image-Photoroom.png]]></wp:meta_value>
		</wp:postmeta>
		<wp:postmeta>
			<wp:meta_key><![CDATA[_wp_attachment_metadata]]></wp:meta_key>
			<wp:meta_value><![CDATA[a:5:{s:5:"width";i:913;s:6:"height";i:712;s:4:"file";s:27:"2024/11/image-Photoroom.png";s:5:"sizes";a:6:{s:9:"thumbnail";a:4:{s:4:"file";s:27:"image-Photoroom-150x150.png";s:5:"width";i:150;s:6:"height";i:150;s:9:"mime-type";s:9:"image/png";}s:6:"medium";a:4:{s:4:"file";s:27:"image-Photoroom-300x234.png";s:5:"width";i:300;s:6:"height";i:234;s:9:"mime-type";s:9:"image/png";}s:12:"medium_large";a:4:{s:4:"file";s:27:"image-Photoroom-768x599.png";s:5:"width";i:768;s:6:"height";i:599;s:9:"mime-type";s:9:"image/png";}s:14:"post-thumbnail";a:4:{s:4:"file";s:27:"image-Photoroom-913x288.png";s:5:"width";i:913;s:6:"height";i:288;s:9:"mime-type";s:9:"image/png";}s:13:"large-feature";a:4:{s:4:"file";s:27:"image-Photoroom-913x288.png";s:5:"width";i:913;s:6:"height";i:288;s:9:"mime-type";s:9:"image/png";}s:13:"small-feature";a:4:{s:4:"file";s:27:"image-Photoroom-385x300.png";s:5:"width";i:385;s:6:"height";i:300;s:9:"mime-type";s:9:"image/png";}}s:10:"image_meta";a:12:{s:8:"aperture";s:1:"0";s:6:"credit";s:0:"";s:6:"camera";s:0:"";s:7:"caption";s:0:"";s:17:"created_timestamp";s:1:"0";s:9:"copyright";s:0:"";s:12:"focal_length";s:1:"0";s:3:"iso";s:1:"0";s:13:"shutter_speed";s:1:"0";s:5:"title";s:0:"";s:11:"orientation";s:1:"0";s:8:"keywords";a:0:{}}}]]></wp:meta_value>
		</wp:postmeta>
	</item>
	<item>
		<title>News page</title>
		<link>http://10.3.10.81:8080/index.php/2024/11/01/news/news-page/</link>
		<pubDate>Fri, 01 Nov 2024 23:50:44 +0000</pubDate>
		<dc:creator><![CDATA[admin]]></dc:creator>
		<guid isPermaLink="false">http://10.3.10.81:8080/wp-content/uploads/2024/11/News-page.png</guid>
		<description></description>
		<content:encoded><![CDATA[]]></content:encoded>
		<excerpt:encoded><![CDATA[]]></excerpt:encoded>
		<wp:post_id>31</wp:post_id>
		<wp:post_date><![CDATA[2024-11-01 23:50:44]]></wp:post_date>
		<wp:post_date_gmt><![CDATA[2024-11-01 23:50:44]]></wp:post_date_gmt>
		<wp:comment_status><![CDATA[open]]></wp:comment_status>
		<wp:ping_status><![CDATA[closed]]></wp:ping_status>
		<wp:post_name><![CDATA[news-page]]></wp:post_name>
		<wp:status><![CDATA[inherit]]></wp:status>
		<wp:post_parent>30</wp:post_parent>
		<wp:menu_order>0</wp:menu_order>
		<wp:post_type><![CDATA[attachment]]></wp:post_type>
		<wp:post_password><![CDATA[]]></wp:post_password>
		<wp:is_sticky>0</wp:is_sticky>
		<wp:attachment_url><![CDATA[http://10.3.10.81:8080/wp-content/uploads/2024/11/News-page.png]]></wp:attachment_url>
		<wp:postmeta>
			<wp:meta_key><![CDATA[_wp_attached_file]]></wp:meta_key>
			<wp:meta_value><![CDATA[2024/11/News-page.png]]></wp:meta_value>
		</wp:postmeta>
		<wp:postmeta>
			<wp:meta_key><![CDATA[_wp_attachment_metadata]]></wp:meta_key>
			<wp:meta_value><![CDATA[a:5:{s:5:"width";i:203;s:6:"height";i:125;s:4:"file";s:21:"2024/11/News-page.png";s:5:"sizes";a:1:{s:9:"thumbnail";a:4:{s:4:"file";s:21:"News-page-150x125.png";s:5:"width";i:150;s:6:"height";i:125;s:9:"mime-type";s:9:"image/png";}}s:10:"image_meta";a:12:{s:8:"aperture";s:1:"0";s:6:"credit";s:0:"";s:6:"camera";s:0:"";s:7:"caption";s:0:"";s:17:"created_timestamp";s:1:"0";s:9:"copyright";s:0:"";s:12:"focal_length";s:1:"0";s:3:"iso";s:1:"0";s:13:"shutter_speed";s:1:"0";s:5:"title";s:0:"";s:11:"orientation";s:1:"0";s:8:"keywords";a:0:{}}}]]></wp:meta_value>
		</wp:postmeta>
	</item>
	<item>
		<title>SHop</title>
		<link>http://10.3.10.81:8080/index.php/2024/09/23/hello-world/shop/</link>
		<pubDate>Fri, 01 Nov 2024 23:53:33 +0000</pubDate>
		<dc:creator><![CDATA[admin]]></dc:creator>
		<guid isPermaLink="false">http://10.3.10.81:8080/wp-content/uploads/2024/09/SHop.png</guid>
		<description></description>
		<content:encoded><![CDATA[]]></content:encoded>
		<excerpt:encoded><![CDATA[]]></excerpt:encoded>
		<wp:post_id>35</wp:post_id>
		<wp:post_date><![CDATA[2024-11-01 23:53:33]]></wp:post_date>
		<wp:post_date_gmt><![CDATA[2024-11-01 23:53:33]]></wp:post_date_gmt>
		<wp:comment_status><![CDATA[open]]></wp:comment_status>
		<wp:ping_status><![CDATA[closed]]></wp:ping_status>
		<wp:post_name><![CDATA[shop]]></wp:post_name>
		<wp:status><![CDATA[inherit]]></wp:status>
		<wp:post_parent>1</wp:post_parent>
		<wp:menu_order>0</wp:menu_order>
		<wp:post_type><![CDATA[attachment]]></wp:post_type>
		<wp:post_password><![CDATA[]]></wp:post_password>
		<wp:is_sticky>0</wp:is_sticky>
		<wp:attachment_url><![CDATA[http://10.3.10.81:8080/wp-content/uploads/2024/09/SHop.png]]></wp:attachment_url>
		<wp:postmeta>
			<wp:meta_key><![CDATA[_wp_attached_file]]></wp:meta_key>
			<wp:meta_value><![CDATA[2024/09/SHop.png]]></wp:meta_value>
		</wp:postmeta>
		<wp:postmeta>
			<wp:meta_key><![CDATA[_wp_attachment_metadata]]></wp:meta_key>
			<wp:meta_value><![CDATA[a:5:{s:5:"width";i:398;s:6:"height";i:297;s:4:"file";s:16:"2024/09/SHop.png";s:5:"sizes";a:4:{s:9:"thumbnail";a:4:{s:4:"file";s:16:"SHop-150x150.png";s:5:"width";i:150;s:6:"height";i:150;s:9:"mime-type";s:9:"image/png";}s:6:"medium";a:4:{s:4:"file";s:16:"SHop-300x224.png";s:5:"width";i:300;s:6:"height";i:224;s:9:"mime-type";s:9:"image/png";}s:14:"post-thumbnail";a:4:{s:4:"file";s:16:"SHop-398x288.png";s:5:"width";i:398;s:6:"height";i:288;s:9:"mime-type";s:9:"image/png";}s:13:"large-feature";a:4:{s:4:"file";s:16:"SHop-398x288.png";s:5:"width";i:398;s:6:"height";i:288;s:9:"mime-type";s:9:"image/png";}}s:10:"image_meta";a:12:{s:8:"aperture";s:1:"0";s:6:"credit";s:0:"";s:6:"camera";s:0:"";s:7:"caption";s:0:"";s:17:"created_timestamp";s:1:"0";s:9:"copyright";s:0:"";s:12:"focal_length";s:1:"0";s:3:"iso";s:1:"0";s:13:"shutter_speed";s:1:"0";s:5:"title";s:0:"";s:11:"orientation";s:1:"0";s:8:"keywords";a:0:{}}}]]></wp:meta_value>
		</wp:postmeta>
	</item>
	<item>
		<title>Paldex</title>
		<link>http://10.3.10.81:8080/index.php/paldex/</link>
		<pubDate>Fri, 01 Nov 2024 23:56:53 +0000</pubDate>
		<dc:creator><![CDATA[admin]]></dc:creator>
		<guid isPermaLink="false">http://10.3.10.81:8080/?page_id=39</guid>
		<description></description>
		<content:encoded><![CDATA[Learn all about Poképals through our Paldex! 

]]></content:encoded>
		<excerpt:encoded><![CDATA[]]></excerpt:encoded>
		<wp:post_id>39</wp:post_id>
		<wp:post_date><![CDATA[2024-11-01 23:56:53]]></wp:post_date>
		<wp:post_date_gmt><![CDATA[2024-11-01 23:56:53]]></wp:post_date_gmt>
		<wp:comment_status><![CDATA[closed]]></wp:comment_status>
		<wp:ping_status><![CDATA[closed]]></wp:ping_status>
		<wp:post_name><![CDATA[paldex]]></wp:post_name>
		<wp:status><![CDATA[publish]]></wp:status>
		<wp:post_parent>0</wp:post_parent>
		<wp:menu_order>0</wp:menu_order>
		<wp:post_type><![CDATA[page]]></wp:post_type>
		<wp:post_password><![CDATA[]]></wp:post_password>
		<wp:is_sticky>0</wp:is_sticky>
		<wp:postmeta>
			<wp:meta_key><![CDATA[_edit_last]]></wp:meta_key>
			<wp:meta_value><![CDATA[1]]></wp:meta_value>
		</wp:postmeta>
		<wp:postmeta>
			<wp:meta_key><![CDATA[_wp_page_template]]></wp:meta_key>
			<wp:meta_value><![CDATA[default]]></wp:meta_value>
		</wp:postmeta>
	</item>
	<item>
		<title>Where to Buy Pokepal!</title>
		<link>http://10.3.10.81:8080/index.php/2024/09/23/hello-world/</link>
		<pubDate>Mon, 23 Sep 2024 21:22:34 +0000</pubDate>
		<dc:creator><![CDATA[admin]]></dc:creator>
		<guid isPermaLink="false">http://10.3.10.81:8080/?p=1</guid>
		<description></description>
		<content:encoded><![CDATA[<img src="http://10.3.10.81:8080/wp-content/uploads/2024/09/SHop-300x224.png" alt="SHop" width="300" height="224" class="alignnone size-medium wp-image-35" />

Where to Buy Poképal the Game

Ready to embark on your Poképal journey? Finding the right game is just a click away! 

We provide you with a comprehensive guide on where to purchase the latest Poképal games, as well as classic titles from the franchise.

Explore our curated list of trusted retailers, both online and in-store, to find the best deals on your favorite Poképal adventures. Whether you're looking for the newest releases for the Mimtendo Swap, mobile games, or the classic Game Boy titles, we’ve got you covered.

Additionally, we share information on exclusive editions, limited-time offers, and bundles that include exciting merchandise. Stay updated with our regularly updated links to major platforms like Jungle, GamePost, and the Mimtendo eShop, ensuring you have access to the latest games at the best prices.

Get ready to train, battle, and evolve your Poképal collection—your adventure starts here!]]></content:encoded>
		<excerpt:encoded><![CDATA[]]></excerpt:encoded>
		<wp:post_id>1</wp:post_id>
		<wp:post_date><![CDATA[2024-09-23 21:22:34]]></wp:post_date>
		<wp:post_date_gmt><![CDATA[2024-09-23 21:22:34]]></wp:post_date_gmt>
		<wp:comment_status><![CDATA[open]]></wp:comment_status>
		<wp:ping_status><![CDATA[open]]></wp:ping_status>
		<wp:post_name><![CDATA[hello-world]]></wp:post_name>
		<wp:status><![CDATA[publish]]></wp:status>
		<wp:post_parent>0</wp:post_parent>
		<wp:menu_order>0</wp:menu_order>
		<wp:post_type><![CDATA[post]]></wp:post_type>
		<wp:post_password><![CDATA[]]></wp:post_password>
		<wp:is_sticky>0</wp:is_sticky>
		<category domain="category" nicename="pokepalbasics"><![CDATA[Poképal Basics]]></category>
		<wp:postmeta>
			<wp:meta_key><![CDATA[_edit_last]]></wp:meta_key>
			<wp:meta_value><![CDATA[1]]></wp:meta_value>
		</wp:postmeta>
		<wp:comment>
			<wp:comment_id>1</wp:comment_id>
			<wp:comment_author><![CDATA[A WordPress Commenter]]></wp:comment_author>
			<wp:comment_author_email><![CDATA[wapuu@wordpress.example]]></wp:comment_author_email>
			<wp:comment_author_url>https://wordpress.org/</wp:comment_author_url>
			<wp:comment_author_IP><![CDATA[]]></wp:comment_author_IP>
			<wp:comment_date><![CDATA[2024-09-23 21:22:34]]></wp:comment_date>
			<wp:comment_date_gmt><![CDATA[2024-09-23 21:22:34]]></wp:comment_date_gmt>
			<wp:comment_content><![CDATA[Hi, this is a comment.
To get started with moderating, editing, and deleting comments, please visit the Comments screen in the dashboard.
Commenter avatars come from <a href="https://gravatar.com">Gravatar</a>.]]></wp:comment_content>
			<wp:comment_approved><![CDATA[trash]]></wp:comment_approved>
			<wp:comment_type><![CDATA[]]></wp:comment_type>
			<wp:comment_parent>0</wp:comment_parent>
			<wp:comment_user_id>0</wp:comment_user_id>
			<wp:commentmeta>
				<wp:meta_key><![CDATA[_wp_trash_meta_status]]></wp:meta_key>
				<wp:meta_value><![CDATA[1]]></wp:meta_value>
			</wp:commentmeta>
			<wp:commentmeta>
				<wp:meta_key><![CDATA[_wp_trash_meta_time]]></wp:meta_key>
				<wp:meta_value><![CDATA[1730503483]]></wp:meta_value>
			</wp:commentmeta>
		</wp:comment>
	</item>
	<item>
		<title>About Pokepal Center</title>
		<link>http://10.3.10.81:8080/index.php/2024/11/01/about-pokepal-center/</link>
		<pubDate>Fri, 01 Nov 2024 23:23:05 +0000</pubDate>
		<dc:creator><![CDATA[admin]]></dc:creator>
		<guid isPermaLink="false">http://10.3.10.81:8080/?p=23</guid>
		<description></description>
		<content:encoded><![CDATA[About Us

Welcome to the Poképal Center, your ultimate destination for all things Poképal! Our passion for the Poképal universe drives us to create a vibrant community where fans can come together to explore, learn, and celebrate their favorite creatures and adventures.

Founded by a team of dedicated Poképal enthusiasts, the Poképal Center offers a treasure trove of resources, including detailed Paledex entries, where to buy our game, and news updates. Whether you're a seasoned Trainer or new to the world of Poképal, our site is designed to cater to fans of all ages and experience levels.

Join us as we delve into the fascinating lore, strategies, and innovations of Poképal. Our goal is to provide accurate and engaging content that enhances your Poképal journey and connects you with fellow fans.

Explore our forums, participate in community events, and discover a world filled with adventure, friendship, and fun. Thank you for being a part of our Poképal family—let’s fetch ‘em all together!

<img src="http://10.3.10.81:8080/wp-content/uploads/2024/11/image-Photoroom-300x234.png" alt="image-Photoroom" width="300" height="234" class="alignmiddle size-medium wp-image-24" />]]></content:encoded>
		<excerpt:encoded><![CDATA[]]></excerpt:encoded>
		<wp:post_id>23</wp:post_id>
		<wp:post_date><![CDATA[2024-11-01 23:23:05]]></wp:post_date>
		<wp:post_date_gmt><![CDATA[2024-11-01 23:23:05]]></wp:post_date_gmt>
		<wp:comment_status><![CDATA[open]]></wp:comment_status>
		<wp:ping_status><![CDATA[open]]></wp:ping_status>
		<wp:post_name><![CDATA[about-pokepal-center]]></wp:post_name>
		<wp:status><![CDATA[publish]]></wp:status>
		<wp:post_parent>0</wp:post_parent>
		<wp:menu_order>0</wp:menu_order>
		<wp:post_type><![CDATA[post]]></wp:post_type>
		<wp:post_password><![CDATA[]]></wp:post_password>
		<wp:is_sticky>0</wp:is_sticky>
		<category domain="category" nicename="pokepalbasics"><![CDATA[Poképal Basics]]></category>
		<wp:postmeta>
			<wp:meta_key><![CDATA[_edit_last]]></wp:meta_key>
			<wp:meta_value><![CDATA[1]]></wp:meta_value>
		</wp:postmeta>
	</item>
	<item>
		<title>NEWS</title>
		<link>http://10.3.10.81:8080/index.php/2024/11/01/news/</link>
		<pubDate>Fri, 01 Nov 2024 23:50:52 +0000</pubDate>
		<dc:creator><![CDATA[admin]]></dc:creator>
		<guid isPermaLink="false">http://10.3.10.81:8080/?p=30</guid>
		<description></description>
		<content:encoded><![CDATA[:NEW ANNOUNCEMENT:

Exciting news for Poképal fans: a new legendary Poképal has been announced as part of the game. While specific details about the legendary Poképal itself remain under wraps, anticipation is building around its design and abilities.

For fans eager to learn more about these updates and what’s to come in the Poképal universe, keep an eye on the official Poképal channels for more details.

<img src="http://10.3.10.81:8080/wp-content/uploads/2024/11/News-page.png" alt="News page" width="203" height="125" class="alignnone size-full wp-image-31" />]]></content:encoded>
		<excerpt:encoded><![CDATA[]]></excerpt:encoded>
		<wp:post_id>30</wp:post_id>
		<wp:post_date><![CDATA[2024-11-01 23:50:52]]></wp:post_date>
		<wp:post_date_gmt><![CDATA[2024-11-01 23:50:52]]></wp:post_date_gmt>
		<wp:comment_status><![CDATA[open]]></wp:comment_status>
		<wp:ping_status><![CDATA[open]]></wp:ping_status>
		<wp:post_name><![CDATA[news]]></wp:post_name>
		<wp:status><![CDATA[publish]]></wp:status>
		<wp:post_parent>0</wp:post_parent>
		<wp:menu_order>0</wp:menu_order>
		<wp:post_type><![CDATA[post]]></wp:post_type>
		<wp:post_password><![CDATA[]]></wp:post_password>
		<wp:is_sticky>0</wp:is_sticky>
		<category domain="category" nicename="pokepalbasics"><![CDATA[Poképal Basics]]></category>
		<wp:postmeta>
			<wp:meta_key><![CDATA[_edit_last]]></wp:meta_key>
			<wp:meta_value><![CDATA[1]]></wp:meta_value>
		</wp:postmeta>
	</item>
</channel>
</rss>
